Series Name,Series Code,Country Name,Country Code,2019 [YR2019]
GDP (current US$),NY.GDP.MKTP.CD,Afghanistan,AFG,18904502222.2108
GDP (current US$),NY.GDP.MKTP.CD,Albania,ALB,15401826080.5183
GDP (current US$),NY.GDP.MKTP.CD,Algeria,DZA,171760290068.157
GDP (current US$),NY.GDP.MKTP.CD,American Samoa,ASM,647000000
GDP (current US$),NY.GDP.MKTP.CD,Andorra,AND,3155149347.92151
GDP (current US$),NY.GDP.MKTP.CD,Angola,AGO,69309110145.7687
GDP (current US$),NY.GDP.MKTP.CD,Antigua and Barbuda,ATG,1675403703.7037
GDP (current US$),NY.GDP.MKTP.CD,Argentina,ARG,447754686715.081
GDP (current US$),NY.GDP.MKTP.CD,Armenia,ARM,13619290545.8131
GDP (current US$),NY.GDP.MKTP.CD,Aruba,ABW,3395793854.7486
GDP (current US$),NY.GDP.MKTP.CD,Australia,AUS,1392218527563.26
GDP (current US$),NY.GDP.MKTP.CD,Austria,AUT,444621176100.54
GDP (current US$),NY.GDP.MKTP.CD,Azerbaijan,AZE,48174235294.1176
GDP (current US$),NY.GDP.MKTP.CD,"Bahamas, The",BHS,13058700000
GDP (current US$),NY.GDP.MKTP.CD,Bahrain,BHR,38653318085.1064
GDP (current US$),NY.GDP.MKTP.CD,Bangladesh,BGD,351238397263.802
GDP (current US$),NY.GDP.MKTP.CD,Barbados,BRB,5324250000
GDP (current US$),NY.GDP.MKTP.CD,Belarus,BLR,64410112583.362
GDP (current US$),NY.GDP.MKTP.CD,Belgium,BEL,535865692402.342
GDP (current US$),NY.GDP.MKTP.CD,Belize,BLZ,2416500000
GDP (current US$),NY.GDP.MKTP.CD,Benin,BEN,14391686309.0337
GDP (current US$),NY.GDP.MKTP.CD,Bermuda,BMU,7423465000
GDP (current US$),NY.GDP.MKTP.CD,Bhutan,BTN,2535655609.45889
GDP (current US$),NY.GDP.MKTP.CD,Bolivia,BOL,40895322850.9407
GDP (current US$),NY.GDP.MKTP.CD,Bosnia and Herzegovina,BIH,20482603346.4473
GDP (current US$),NY.GDP.MKTP.CD,Botswana,BWA,16725908661.9419
GDP (current US$),NY.GDP.MKTP.CD,Brazil,BRA,1873288159000.64
GDP (current US$),NY.GDP.MKTP.CD,British Virgin Islands,VGB,..
GDP (current US$),NY.GDP.MKTP.CD,Brunei Darussalam,BRN,13469240162.5496
GDP (current US$),NY.GDP.MKTP.CD,Bulgaria,BGR,68911930627.8977
GDP (current US$),NY.GDP.MKTP.CD,Burkina Faso,BFA,16178161666.1334
GDP (current US$),NY.GDP.MKTP.CD,Burundi,BDI,2576518879.39881
GDP (current US$),NY.GDP.MKTP.CD,Cabo Verde,CPV,2266752197.42617
GDP (current US$),NY.GDP.MKTP.CD,Cambodia,KHM,27089390032.8915
GDP (current US$),NY.GDP.MKTP.CD,Cameroon,CMR,39670976440.3158
GDP (current US$),NY.GDP.MKTP.CD,Canada,CAN,1743725183672.52
GDP (current US$),NY.GDP.MKTP.CD,Cayman Islands,CYM,5941896599.57333
GDP (current US$),NY.GDP.MKTP.CD,Central African Republic,CAF,2221301350.75537
GDP (current US$),NY.GDP.MKTP.CD,Chad,TCD,11314951088.2451
GDP (current US$),NY.GDP.MKTP.CD,Channel Islands,CHI,10381669645.1366
GDP (current US$),NY.GDP.MKTP.CD,Chile,CHL,278493308134.096
GDP (current US$),NY.GDP.MKTP.CD,China,CHN,14279968485748
GDP (current US$),NY.GDP.MKTP.CD,Colombia,COL,323031701210.767
GDP (current US$),NY.GDP.MKTP.CD,Comoros,COM,1195019531.03671
GDP (current US$),NY.GDP.MKTP.CD,"Congo, Dem. Rep.",COD,51775829868.7669
GDP (current US$),NY.GDP.MKTP.CD,"Congo, Rep.",COG,12750338736.1661
GDP (current US$),NY.GDP.MKTP.CD,Costa Rica,CRI,64417670555.7821
GDP (current US$),NY.GDP.MKTP.CD,Cote d'Ivoire,CIV,59898479821.1946
GDP (current US$),NY.GDP.MKTP.CD,Croatia,HRV,61329267533.1316
GDP (current US$),NY.GDP.MKTP.CD,Cuba,CUB,103428000000
GDP (current US$),NY.GDP.MKTP.CD,Curacao,CUW,2995185474.86034
GDP (current US$),NY.GDP.MKTP.CD,Cyprus,CYP,25945194240.4544
GDP (current US$),NY.GDP.MKTP.CD,Czechia,CZE,252548179964.897
GDP (current US$),NY.GDP.MKTP.CD,Denmark,DNK,346498737961.635
GDP (current US$),NY.GDP.MKTP.CD,Djibouti,DJI,3088853638.56832
GDP (current US$),NY.GDP.MKTP.CD,Dominica,DMA,611537037.037037
GDP (current US$),NY.GDP.MKTP.CD,Dominican Republic,DOM,88941371980.2651
GDP (current US$),NY.GDP.MKTP.CD,Ecuador,ECU,108108009000
GDP (current US$),NY.GDP.MKTP.CD,"Egypt, Arab Rep.",EGY,318678815489.749
GDP (current US$),NY.GDP.MKTP.CD,El Salvador,SLV,26881140000
GDP (current US$),NY.GDP.MKTP.CD,Equatorial Guinea,GNQ,11364133546.2494
GDP (current US$),NY.GDP.MKTP.CD,Eritrea,ERI,..
GDP (current US$),NY.GDP.MKTP.CD,Estonia,EST,31081901909.2151
GDP (current US$),NY.GDP.MKTP.CD,Eswatini,SWZ,4466214522.19539
GDP (current US$),NY.GDP.MKTP.CD,Ethiopia,ETH,95912607970.1686
GDP (current US$),NY.GDP.MKTP.CD,Faroe Islands,FRO,3275684065.13139
GDP (current US$),NY.GDP.MKTP.CD,Fiji,FJI,5481692621.61125
GDP (current US$),NY.GDP.MKTP.CD,Finland,FIN,268514916972.544
GDP (current US$),NY.GDP.MKTP.CD,France,FRA,2728870246705.83
GDP (current US$),NY.GDP.MKTP.CD,French Polynesia,PYF,6022276207.18983
GDP (current US$),NY.GDP.MKTP.CD,Gabon,GAB,16874405460.1964
GDP (current US$),NY.GDP.MKTP.CD,"Gambia, The",GMB,1813609679.15313
GDP (current US$),NY.GDP.MKTP.CD,Georgia,GEO,17470436258.5131
GDP (current US$),NY.GDP.MKTP.CD,Germany,DEU,3888226035921.49
GDP (current US$),NY.GDP.MKTP.CD,Ghana,GHA,68337974418.7681
GDP (current US$),NY.GDP.MKTP.CD,Gibraltar,GIB,..
GDP (current US$),NY.GDP.MKTP.CD,Greece,GRC,205257014892.498
GDP (current US$),NY.GDP.MKTP.CD,Greenland,GRL,2997331094.25136
GDP (current US$),NY.GDP.MKTP.CD,Grenada,GRD,1213485185.18519
GDP (current US$),NY.GDP.MKTP.CD,Guam,GUM,6366000000
GDP (current US$),NY.GDP.MKTP.CD,Guatemala,GTM,77172313916.4218
GDP (current US$),NY.GDP.MKTP.CD,Guinea,GIN,13442861496.5747
GDP (current US$),NY.GDP.MKTP.CD,Guinea-Bissau,GNB,1439638410.99593
GDP (current US$),NY.GDP.MKTP.CD,Guyana,GUY,5173760191.84652
GDP (current US$),NY.GDP.MKTP.CD,Haiti,HTI,15016090929.8744
GDP (current US$),NY.GDP.MKTP.CD,Honduras,HND,25089937108.6681
GDP (current US$),NY.GDP.MKTP.CD,"Hong Kong SAR, China",HKG,363074560517.276
GDP (current US$),NY.GDP.MKTP.CD,Hungary,HUN,164020460331.659
GDP (current US$),NY.GDP.MKTP.CD,Iceland,ISL,24663643101.958
GDP (current US$),NY.GDP.MKTP.CD,India,IND,2835606242052.48
GDP (current US$),NY.GDP.MKTP.CD,Indonesia,IDN,1119099871386.16
GDP (current US$),NY.GDP.MKTP.CD,"Iran, Islamic Rep.",IRN,283649531542.631
GDP (current US$),NY.GDP.MKTP.CD,Iraq,IRQ,233636097800.338
GDP (current US$),NY.GDP.MKTP.CD,Ireland,IRL,399321701632.424
GDP (current US$),NY.GDP.MKTP.CD,Isle of Man,IMN,7314966839.10981
GDP (current US$),NY.GDP.MKTP.CD,Israel,ISR,402470513619.148
GDP (current US$),NY.GDP.MKTP.CD,Italy,ITA,2011302198827.41
GDP (current US$),NY.GDP.MKTP.CD,Jamaica,JAM,15830766372.2651
GDP (current US$),NY.GDP.MKTP.CD,Japan,JPN,5117993853016.51
GDP (current US$),NY.GDP.MKTP.CD,Jordan,JOR,44503005774.6479
GDP (current US$),NY.GDP.MKTP.CD,Kazakhstan,KAZ,181667185041.48
GDP (current US$),NY.GDP.MKTP.CD,Kenya,KEN,100378435824.178
GDP (current US$),NY.GDP.MKTP.CD,Kiribati,KIR,175181684.792212
GDP (current US$),NY.GDP.MKTP.CD,"Korea, Dem. People's Rep.",PRK,..
GDP (current US$),NY.GDP.MKTP.CD,"Korea, Rep.",KOR,1651422932447.77
GDP (current US$),NY.GDP.MKTP.CD,Kosovo,XKX,7899741278.93571
GDP (current US$),NY.GDP.MKTP.CD,Kuwait,KWT,136191752590.897
GDP (current US$),NY.GDP.MKTP.CD,Kyrgyz Republic,KGZ,8871019822.76098
GDP (current US$),NY.GDP.MKTP.CD,Lao PDR,LAO,18740559554.1632
GDP (current US$),NY.GDP.MKTP.CD,Latvia,LVA,34343961072.8229
GDP (current US$),NY.GDP.MKTP.CD,Lebanon,LBN,51605959131.3654
GDP (current US$),NY.GDP.MKTP.CD,Lesotho,LSO,2436029587.61009
GDP (current US$),NY.GDP.MKTP.CD,Liberia,LBR,3319596500
GDP (current US$),NY.GDP.MKTP.CD,Libya,LBY,69254143968.3398
GDP (current US$),NY.GDP.MKTP.CD,Liechtenstein,LIE,6436467007.11932
GDP (current US$),NY.GDP.MKTP.CD,Lithuania,LTU,54760617012.9166
GDP (current US$),NY.GDP.MKTP.CD,Luxembourg,LUX,69825641851.0104
GDP (current US$),NY.GDP.MKTP.CD,"Macao SAR, China",MAC,55204960999.5882
GDP (current US$),NY.GDP.MKTP.CD,Madagascar,MDG,14104664677.9627
GDP (current US$),NY.GDP.MKTP.CD,Malawi,MWI,11025371147.1876
GDP (current US$),NY.GDP.MKTP.CD,Malaysia,MYS,365177744321.011
GDP (current US$),NY.GDP.MKTP.CD,Maldives,MDV,5609385433.592
GDP (current US$),NY.GDP.MKTP.CD,Mali,MLI,17280250805.2245
GDP (current US$),NY.GDP.MKTP.CD,Malta,MLT,15881258056.2009
GDP (current US$),NY.GDP.MKTP.CD,Marshall Islands,MHL,232092300
GDP (current US$),NY.GDP.MKTP.CD,Mauritania,MRT,8066118984.30581
GDP (current US$),NY.GDP.MKTP.CD,Mauritius,MUS,14436347115.2893
GDP (current US$),NY.GDP.MKTP.CD,Mexico,MEX,1269009571610.76
GDP (current US$),NY.GDP.MKTP.CD,"Micronesia, Fed. Sts.",FSM,412000000
GDP (current US$),NY.GDP.MKTP.CD,Moldova,MDA,11735774634.4239
GDP (current US$),NY.GDP.MKTP.CD,Monaco,MCO,7383941919.21567
GDP (current US$),NY.GDP.MKTP.CD,Mongolia,MNG,14206359016.4014
GDP (current US$),NY.GDP.MKTP.CD,Montenegro,MNE,5542053845.29274
GDP (current US$),NY.GDP.MKTP.CD,Morocco,MAR,128920265075.525
GDP (current US$),NY.GDP.MKTP.CD,Mozambique,MOZ,15390031039.9957
GDP (current US$),NY.GDP.MKTP.CD,Myanmar,MMR,68697761477.1809
GDP (current US$),NY.GDP.MKTP.CD,Namibia,NAM,12541928102.7657
GDP (current US$),NY.GDP.MKTP.CD,Nauru,NRU,125160081.80546
GDP (current US$),NY.GDP.MKTP.CD,Nepal,NPL,34186180694.9285
GDP (current US$),NY.GDP.MKTP.CD,Netherlands,NLD,910194347568.61
GDP (current US$),NY.GDP.MKTP.CD,New Caledonia,NCL,9475655341.98316
GDP (current US$),NY.GDP.MKTP.CD,New Zealand,NZL,213091987153.092
GDP (current US$),NY.GDP.MKTP.CD,Nicaragua,NIC,12699028889.666
GDP (current US$),NY.GDP.MKTP.CD,Niger,NER,12916454870.5458
GDP (current US$),NY.GDP.MKTP.CD,Nigeria,NGA,474517470742.749
GDP (current US$),NY.GDP.MKTP.CD,North Macedonia,MKD,12606338448.547
GDP (current US$),NY.GDP.MKTP.CD,Northern Mariana Islands,MNP,1181000000
GDP (current US$),NY.GDP.MKTP.CD,Norway,NOR,408742840909.091
GDP (current US$),NY.GDP.MKTP.CD,Oman,OMN,88060858257.4772
GDP (current US$),NY.GDP.MKTP.CD,Pakistan,PAK,320909472926.461
GDP (current US$),NY.GDP.MKTP.CD,Palau,PLW,278900000
GDP (current US$),NY.GDP.MKTP.CD,Panama,PAN,69721787532.9789
GDP (current US$),NY.GDP.MKTP.CD,Papua New Guinea,PNG,24751069237.9977
GDP (current US$),NY.GDP.MKTP.CD,Paraguay,PRY,37925338460.1556
GDP (current US$),NY.GDP.MKTP.CD,Peru,PER,228325852220.761
GDP (current US$),NY.GDP.MKTP.CD,Philippines,PHL,376823404772.837
GDP (current US$),NY.GDP.MKTP.CD,Poland,POL,596058473058.766
GDP (current US$),NY.GDP.MKTP.CD,Portugal,PRT,239986922638.897
GDP (current US$),NY.GDP.MKTP.CD,Puerto Rico,PRI,105126400000
GDP (current US$),NY.GDP.MKTP.CD,Qatar,QAT,176371267689.082
GDP (current US$),NY.GDP.MKTP.CD,Romania,ROU,251017797625.017
GDP (current US$),NY.GDP.MKTP.CD,Russian Federation,RUS,1693114993990.49
GDP (current US$),NY.GDP.MKTP.CD,Rwanda,RWA,10346675636.3397
GDP (current US$),NY.GDP.MKTP.CD,Samoa,WSM,912950619.371868
GDP (current US$),NY.GDP.MKTP.CD,San Marino,SMR,1616188702.34405
GDP (current US$),NY.GDP.MKTP.CD,Sao Tome and Principe,STP,427425039.684339
GDP (current US$),NY.GDP.MKTP.CD,Saudi Arabia,SAU,838564705624.643
GDP (current US$),NY.GDP.MKTP.CD,Senegal,SEN,23403995984.9306
GDP (current US$),NY.GDP.MKTP.CD,Serbia,SRB,51514242775.5241
GDP (current US$),NY.GDP.MKTP.CD,Seychelles,SYC,1645090567.04612
GDP (current US$),NY.GDP.MKTP.CD,Sierra Leone,SLE,4076578653.54714
GDP (current US$),NY.GDP.MKTP.CD,Singapore,SGP,376837488316.973
GDP (current US$),NY.GDP.MKTP.CD,Sint Maarten (Dutch part),SXM,1459776536.31285
GDP (current US$),NY.GDP.MKTP.CD,Slovak Republic,SVK,105710052464.625
GDP (current US$),NY.GDP.MKTP.CD,Slovenia,SVN,54331588482.3048
GDP (current US$),NY.GDP.MKTP.CD,Solomon Islands,SLB,1619154958.40233
GDP (current US$),NY.GDP.MKTP.CD,Somalia,SOM,6485000000
GDP (current US$),NY.GDP.MKTP.CD,South Africa,ZAF,388531226582.351
GDP (current US$),NY.GDP.MKTP.CD,South Sudan,SSD,..
GDP (current US$),NY.GDP.MKTP.CD,Spain,ESP,1394320055129.38
GDP (current US$),NY.GDP.MKTP.CD,Sri Lanka,LKA,89014978319.0703
GDP (current US$),NY.GDP.MKTP.CD,St. Kitts and Nevis,KNA,1107844444.44444
GDP (current US$),NY.GDP.MKTP.CD,St. Lucia,LCA,2094185185.18518
GDP (current US$),NY.GDP.MKTP.CD,St. Martin (French part),MAF,..
GDP (current US$),NY.GDP.MKTP.CD,St. Vincent and the Grenadines,VCT,910765709.768752
GDP (current US$),NY.GDP.MKTP.CD,Sudan,SDN,32338079165.2893
GDP (current US$),NY.GDP.MKTP.CD,Suriname,SUR,4016040575.08796
GDP (current US$),NY.GDP.MKTP.CD,Sweden,SWE,533879529188.454
GDP (current US$),NY.GDP.MKTP.CD,Switzerland,CHE,721369112726.724
GDP (current US$),NY.GDP.MKTP.CD,Syrian Arab Republic,SYR,22600896352.1266
GDP (current US$),NY.GDP.MKTP.CD,Tajikistan,TJK,8300813889.63698
GDP (current US$),NY.GDP.MKTP.CD,Tanzania,TZA,61026765850.3054
GDP (current US$),NY.GDP.MKTP.CD,Thailand,THA,543976695638.812
GDP (current US$),NY.GDP.MKTP.CD,Timor-Leste,TLS,2028551600
GDP (current US$),NY.GDP.MKTP.CD,Togo,TGO,6992656428.93581
GDP (current US$),NY.GDP.MKTP.CD,Tonga,TON,512053639.842631
GDP (current US$),NY.GDP.MKTP.CD,Trinidad and Tobago,TTO,23849557811.3959
GDP (current US$),NY.GDP.MKTP.CD,Tunisia,TUN,41905637658.6053
GDP (current US$),NY.GDP.MKTP.CD,Turkiye,TUR,759934804372.319
GDP (current US$),NY.GDP.MKTP.CD,Turkmenistan,TKM,44220285714.2857
GDP (current US$),NY.GDP.MKTP.CD,Turks and Caicos Islands,TCA,1197415000
GDP (current US$),NY.GDP.MKTP.CD,Tuvalu,TUV,54123195.2727502
GDP (current US$),NY.GDP.MKTP.CD,Uganda,UGA,35348155092.292
GDP (current US$),NY.GDP.MKTP.CD,Ukraine,UKR,153883045524.931
GDP (current US$),NY.GDP.MKTP.CD,United Arab Emirates,ARE,417989721742.682
GDP (current US$),NY.GDP.MKTP.CD,United Kingdom,GBR,2857057847953.02
GDP (current US$),NY.GDP.MKTP.CD,United States,USA,21380976119000
GDP (current US$),NY.GDP.MKTP.CD,Uruguay,URY,62048585618.505
GDP (current US$),NY.GDP.MKTP.CD,Uzbekistan,UZB,60283503705.3907
GDP (current US$),NY.GDP.MKTP.CD,Vanuatu,VUT,936526267.622513
GDP (current US$),NY.GDP.MKTP.CD,"Venezuela, RB",VEN,..
GDP (current US$),NY.GDP.MKTP.CD,Viet Nam,VNM,334365257920.289
GDP (current US$),NY.GDP.MKTP.CD,Virgin Islands (U.S.),VIR,4117000000
GDP (current US$),NY.GDP.MKTP.CD,West Bank and Gaza,PSE,17133500000
GDP (current US$),NY.GDP.MKTP.CD,"Yemen, Rep.",YEM,..
GDP (current US$),NY.GDP.MKTP.CD,Zambia,ZMB,23308667781.2258
GDP (current US$),NY.GDP.MKTP.CD,Zimbabwe,ZWE,21832234925.5021
GDP (current US$),NY.GDP.MKTP.CD,Africa Eastern and Southern,AFE,1000834077088.55
GDP (current US$),NY.GDP.MKTP.CD,Africa Western and Central,AFW,822538393591.447
GDP (current US$),NY.GDP.MKTP.CD,Arab World,ARB,2868890920845.12
GDP (current US$),NY.GDP.MKTP.CD,Caribbean small states,CSS,77282796215.9198
GDP (current US$),NY.GDP.MKTP.CD,Central Europe and the Baltics,CEB,1674114230083.25
GDP (current US$),NY.GDP.MKTP.CD,Early-demographic dividend,EAR,11696252034573.3
GDP (current US$),NY.GDP.MKTP.CD,East Asia & Pacific,EAS,27023995393949
GDP (current US$),NY.GDP.MKTP.CD,East Asia & Pacific (excluding high income),EAP,17207134431205.9
GDP (current US$),NY.GDP.MKTP.CD,East Asia & Pacific (IDA & IBRD countries),TEA,17185664986074.4
GDP (current US$),NY.GDP.MKTP.CD,Euro area,EMU,13418360523881.5
GDP (current US$),NY.GDP.MKTP.CD,Europe & Central Asia,ECS,22910270792580.6
GDP (current US$),NY.GDP.MKTP.CD,Europe & Central Asia (excluding high income),ECA,3248044237780.69
GDP (current US$),NY.GDP.MKTP.CD,Europe & Central Asia (IDA & IBRD countries),TEC,4156449775997.6
GDP (current US$),NY.GDP.MKTP.CD,European Union,EUU,15692624900173
GDP (current US$),NY.GDP.MKTP.CD,Fragile and conflict affected situations,FCS,1826389026348.85
GDP (current US$),NY.GDP.MKTP.CD,Heavily indebted poor countries (HIPC),HPC,799160667507.735
GDP (current US$),NY.GDP.MKTP.CD,High income,HIC,55315474922573.4
GDP (current US$),NY.GDP.MKTP.CD,IBRD only,IBD,31181885466267.4
GDP (current US$),NY.GDP.MKTP.CD,IDA & IBRD total,IBT,33639428774236.2
GDP (current US$),NY.GDP.MKTP.CD,IDA blend,IDB,1069700472074.97
GDP (current US$),NY.GDP.MKTP.CD,IDA only,IDX,1387560546701.72
GDP (current US$),NY.GDP.MKTP.CD,IDA total,IDA,2457261018776.69
GDP (current US$),NY.GDP.MKTP.CD,Late-demographic dividend,LTE,23047283010403.6
GDP (current US$),NY.GDP.MKTP.CD,Latin America & Caribbean,LCN,5622813152782.54
GDP (current US$),NY.GDP.MKTP.CD,Latin America & Caribbean (excluding high income),LAC,4769077474514.31
GDP (current US$),NY.GDP.MKTP.CD,Latin America & the Caribbean (IDA & IBRD countries),TLA,5371331762438.8
GDP (current US$),NY.GDP.MKTP.CD,Least developed countries: UN classification,LDC,1142396570094.39
GDP (current US$),NY.GDP.MKTP.CD,Low & middle income,LMY,32110421084434.4
GDP (current US$),NY.GDP.MKTP.CD,Low income,LIC,442286990942.081
GDP (current US$),NY.GDP.MKTP.CD,Lower middle income,LMC,6874526773448.24
GDP (current US$),NY.GDP.MKTP.CD,Middle East & North Africa,MEA,3522808006382.47
GDP (current US$),NY.GDP.MKTP.CD,Middle East & North Africa (excluding high income),MNA,1408624610717.23
GDP (current US$),NY.GDP.MKTP.CD,Middle East & North Africa (IDA & IBRD countries),TMN,1391491110717.23
GDP (current US$),NY.GDP.MKTP.CD,Middle income,MIC,31667498458543.1
GDP (current US$),NY.GDP.MKTP.CD,North America,NAC,23132124767672.5
GDP (current US$),NY.GDP.MKTP.CD,Not classified,INX,..
GDP (current US$),NY.GDP.MKTP.CD,OECD members,OED,53878159069137.1
GDP (current US$),NY.GDP.MKTP.CD,Other small states,OSS,434119014495.412
GDP (current US$),NY.GDP.MKTP.CD,Pacific island small states,PSS,10739835368.721
GDP (current US$),NY.GDP.MKTP.CD,Post-demographic dividend,PST,50880064647603.9
GDP (current US$),NY.GDP.MKTP.CD,Pre-demographic dividend,PRE,1421160801515.26
GDP (current US$),NY.GDP.MKTP.CD,Small states,SST,522141646080.053
GDP (current US$),NY.GDP.MKTP.CD,South Asia,SAS,3658004814522.01
GDP (current US$),NY.GDP.MKTP.CD,South Asia (IDA & IBRD),TSA,3658004814522.01
GDP (current US$),NY.GDP.MKTP.CD,Sub-Saharan Africa,SSF,1823372470680
GDP (current US$),NY.GDP.MKTP.CD,Sub-Saharan Africa (excluding high income),SSA,1821727380112.95
GDP (current US$),NY.GDP.MKTP.CD,Sub-Saharan Africa (IDA & IBRD countries),TSS,1823372470680
GDP (current US$),NY.GDP.MKTP.CD,Upper middle income,UMC,24792971685094.9
GDP (current US$),NY.GDP.MKTP.CD,World,WLD,87728102156402.9
Gross domestic income (constant LCU),NY.GDY.TOTL.KN,Afghanistan,AFG,..
Gross domestic income (constant LCU),NY.GDY.TOTL.KN,Albania,ALB,1531261852502.4
Gross domestic income (constant LCU),NY.GDY.TOTL.KN,Algeria,DZA,17720014878095.5
Gross domestic income (constant LCU),NY.GDY.TOTL.KN,American Samoa,ASM,572097719.869707
Gross domestic income (constant LCU),NY.GDY.TOTL.KN,Andorra,AND,..
Gross domestic income (constant LCU),NY.GDY.TOTL.KN,Angola,AGO,1607231962005.55
Gross domestic income (constant LCU),NY.GDY.TOTL.KN,Antigua and Barbuda,ATG,..
Gross domestic income (constant LCU),NY.GDY.TOTL.KN,Argentina,ARG,736026182756.285
Gross domestic income (constant LCU),NY.GDY.TOTL.KN,Armenia,ARM,5385015360225.29
Gross domestic income (constant LCU),NY.GDY.TOTL.KN,Aruba,ABW,..
Gross domestic income (constant LCU),NY.GDY.TOTL.KN,Australia,AUS,1985189607270.84
Gross domestic income (constant LCU),NY.GDY.TOTL.KN,Austria,AUT,370734618714.581
Gross domestic income (constant LCU),NY.GDY.TOTL.KN,Azerbaijan,AZE,..
Gross domestic income (constant LCU),NY.GDY.TOTL.KN,"Bahamas, The",BHS,12672749327.3505
Gross domestic income (constant LCU),NY.GDY.TOTL.KN,Bahrain,BHR,12303256309.8849
Gross domestic income (constant LCU),NY.GDY.TOTL.KN,Bangladesh,BGD,25617356580559.9
Gross domestic income (constant LCU),NY.GDY.TOTL.KN,Barbados,BRB,..
Gross domestic income (constant LCU),NY.GDY.TOTL.KN,Belarus,BLR,124814637943.879
Gross domestic income (constant LCU),NY.GDY.TOTL.KN,Belgium,BEL,447577784737.394
Gross domestic income (constant LCU),NY.GDY.TOTL.KN,Belize,BLZ,4747247396.91795
Gross domestic income (constant LCU),NY.GDY.TOTL.KN,Benin,BEN,8481201621215.56
Gross domestic income (constant LCU),NY.GDY.TOTL.KN,Bermuda,BMU,6842002053.27651
Gross domestic income (constant LCU),NY.GDY.TOTL.KN,Bhutan,BTN,71949409046.4462
Gross domestic income (constant LCU),NY.GDY.TOTL.KN,Bolivia,BOL,49047321074.4428
Gross domestic income (constant LCU),NY.GDY.TOTL.KN,Bosnia and Herzegovina,BIH,33286880344.6283
Gross domestic income (constant LCU),NY.GDY.TOTL.KN,Botswana,BWA,165584793747.832
Gross domestic income (constant LCU),NY.GDY.TOTL.KN,Brazil,BRA,4097233304554.88
Gross domestic income (constant LCU),NY.GDY.TOTL.KN,British Virgin Islands,VGB,..
Gross domestic income (constant LCU),NY.GDY.TOTL.KN,Brunei Darussalam,BRN,17489665925.6348
Gross domestic income (constant LCU),NY.GDY.TOTL.KN,Bulgaria,BGR,106462544741.535
Gross domestic income (constant LCU),NY.GDY.TOTL.KN,Burkina Faso,BFA,9428231441001.64
Gross domestic income (constant LCU),NY.GDY.TOTL.KN,Burundi,BDI,1769469817035.29
Gross domestic income (constant LCU),NY.GDY.TOTL.KN,Cabo Verde,CPV,215910878673.886
Gross domestic income (constant LCU),NY.GDY.TOTL.KN,Cambodia,KHM,64153956728501.9
Gross domestic income (constant LCU),NY.GDY.TOTL.KN,Cameroon,CMR,22448184261130
Gross domestic income (constant LCU),NY.GDY.TOTL.KN,Canada,CAN,2182989336151.89
Gross domestic income (constant LCU),NY.GDY.TOTL.KN,Cayman Islands,CYM,..
Gross domestic income (constant LCU),NY.GDY.TOTL.KN,Central African Republic,CAF,763576953491.569
Gross domestic income (constant LCU),NY.GDY.TOTL.KN,Chad,TCD,4773851210793.47
Gross domestic income (constant LCU),NY.GDY.TOTL.KN,Channel Islands,CHI,..
Gross domestic income (constant LCU),NY.GDY.TOTL.KN,Chile,CHL,189909035856129
Gross domestic income (constant LCU),NY.GDY.TOTL.KN,China,CHN,..
Gross domestic income (constant LCU),NY.GDY.TOTL.KN,Colombia,COL,895452314411962
Gross domestic income (constant LCU),NY.GDY.TOTL.KN,Comoros,COM,418352706866.854
Gross domestic income (constant LCU),NY.GDY.TOTL.KN,"Congo, Dem. Rep.",COD,14776145771721.9
Gross domestic income (constant LCU),NY.GDY.TOTL.KN,"Congo, Rep.",COG,3440158124970.48
Gross domestic income (constant LCU),NY.GDY.TOTL.KN,Costa Rica,CRI,35964924446277.6
Gross domestic income (constant LCU),NY.GDY.TOTL.KN,Cote d'Ivoire,CIV,34147349742533.1
Gross domestic income (constant LCU),NY.GDY.TOTL.KN,Croatia,HRV,52913953348.0587
Gross domestic income (constant LCU),NY.GDY.TOTL.KN,Cuba,CUB,57230095980.3117
Gross domestic income (constant LCU),NY.GDY.TOTL.KN,Curacao,CUW,..
Gross domestic income (constant LCU),NY.GDY.TOTL.KN,Cyprus,CYP,22899156471.2267
Gross domestic income (constant LCU),NY.GDY.TOTL.KN,Czechia,CZE,5326055414974.36
Gross domestic income (constant LCU),NY.GDY.TOTL.KN,Denmark,DNK,2224040290920.88
Gross domestic income (constant LCU),NY.GDY.TOTL.KN,Djibouti,DJI,522123831949.036
Gross domestic income (constant LCU),NY.GDY.TOTL.KN,Dominica,DMA,..
Gross domestic income (constant LCU),NY.GDY.TOTL.KN,Dominican Republic,DOM,2623523939979.79
Gross domestic income (constant LCU),NY.GDY.TOTL.KN,Ecuador,ECU,72466707241.2816
Gross domestic income (constant LCU),NY.GDY.TOTL.KN,"Egypt, Arab Rep.",EGY,4039631922038.1
Gross domestic income (constant LCU),NY.GDY.TOTL.KN,El Salvador,SLV,25629270822.9134
Gross domestic income (constant LCU),NY.GDY.TOTL.KN,Equatorial Guinea,GNQ,4174287178642.16
Gross domestic income (constant LCU),NY.GDY.TOTL.KN,Eritrea,ERI,..
Gross domestic income (constant LCU),NY.GDY.TOTL.KN,Estonia,EST,24603283330.1533
Gross domestic income (constant LCU),NY.GDY.TOTL.KN,Eswatini,SWZ,48137320852.8328
Gross domestic income (constant LCU),NY.GDY.TOTL.KN,Ethiopia,ETH,1989973414607.9
Gross domestic income (constant LCU),NY.GDY.TOTL.KN,Faroe Islands,FRO,..
Gross domestic income (constant LCU),NY.GDY.TOTL.KN,Fiji,FJI,..
Gross domestic income (constant LCU),NY.GDY.TOTL.KN,Finland,FIN,229099274025.797
Gross domestic income (constant LCU),NY.GDY.TOTL.KN,France,FRA,2353900917538.14
Gross domestic income (constant LCU),NY.GDY.TOTL.KN,French Polynesia,PYF,..
Gross domestic income (constant LCU),NY.GDY.TOTL.KN,Gabon,GAB,12881258328781.7
Gross domestic income (constant LCU),NY.GDY.TOTL.KN,"Gambia, The",GMB,62244253046.2966
Gross domestic income (constant LCU),NY.GDY.TOTL.KN,Georgia,GEO,41932299712.8364
Gross domestic income (constant LCU),NY.GDY.TOTL.KN,Germany,DEU,3254237071357.06
Gross domestic income (constant LCU),NY.GDY.TOTL.KN,Ghana,GHA,158858135050.357
Gross domestic income (constant LCU),NY.GDY.TOTL.KN,Gibraltar,GIB,..
Gross domestic income (constant LCU),NY.GDY.TOTL.KN,Greece,GRC,182203472877.43
Gross domestic income (constant LCU),NY.GDY.TOTL.KN,Greenland,GRL,17708591697.5559
Gross domestic income (constant LCU),NY.GDY.TOTL.KN,Grenada,GRD,..
Gross domestic income (constant LCU),NY.GDY.TOTL.KN,Guam,GUM,5681215934.68468
Gross domestic income (constant LCU),NY.GDY.TOTL.KN,Guatemala,GTM,521332205125.914
Gross domestic income (constant LCU),NY.GDY.TOTL.KN,Guinea,GIN,66916418853055.5
Gross domestic income (constant LCU),NY.GDY.TOTL.KN,Guinea-Bissau,GNB,513859840160.09
Gross domestic income (constant LCU),NY.GDY.TOTL.KN,Guyana,GUY,..
Gross domestic income (constant LCU),NY.GDY.TOTL.KN,Haiti,HTI,677955689667.441
Gross domestic income (constant LCU),NY.GDY.TOTL.KN,Honduras,HND,197497674683.69
Gross domestic income (constant LCU),NY.GDY.TOTL.KN,"Hong Kong SAR, China",HKG,2847922810163.43
Gross domestic income (constant LCU),NY.GDY.TOTL.KN,Hungary,HUN,41005783396111
Gross domestic income (constant LCU),NY.GDY.TOTL.KN,Iceland,ISL,2725745694731.77
Gross domestic income (constant LCU),NY.GDY.TOTL.KN,India,IND,146395241295086
Gross domestic income (constant LCU),NY.GDY.TOTL.KN,Indonesia,IDN,1.06721073011291E+16
Gross domestic income (constant LCU),NY.GDY.TOTL.KN,"Iran, Islamic Rep.",IRN,1.29325989607683E+16
Gross domestic income (constant LCU),NY.GDY.TOTL.KN,Iraq,IRQ,182963114971293
Gross domestic income (constant LCU),NY.GDY.TOTL.KN,Ireland,IRL,325541968165.65
Gross domestic income (constant LCU),NY.GDY.TOTL.KN,Isle of Man,IMN,..
Gross domestic income (constant LCU),NY.GDY.TOTL.KN,Israel,ISR,1415091620991
Gross domestic income (constant LCU),NY.GDY.TOTL.KN,Italy,ITA,1740160374045.1
Gross domestic income (constant LCU),NY.GDY.TOTL.KN,Jamaica,JAM,878815353811.381
Gross domestic income (constant LCU),NY.GDY.TOTL.KN,Japan,JPN,550472989530760
Gross domestic income (constant LCU),NY.GDY.TOTL.KN,Jordan,JOR,..
Gross domestic income (constant LCU),NY.GDY.TOTL.KN,Kazakhstan,KAZ,17364499710135.6
Gross domestic income (constant LCU),NY.GDY.TOTL.KN,Kenya,KEN,8798659083341.45
Gross domestic income (constant LCU),NY.GDY.TOTL.KN,Kiribati,KIR,182161856.118939
Gross domestic income (constant LCU),NY.GDY.TOTL.KN,"Korea, Dem. People's Rep.",PRK,..
Gross domestic income (constant LCU),NY.GDY.TOTL.KN,"Korea, Rep.",KOR,1.81025138751179E+15
Gross domestic income (constant LCU),NY.GDY.TOTL.KN,Kosovo,XKX,5685624958.50759
Gross domestic income (constant LCU),NY.GDY.TOTL.KN,Kuwait,KWT,33641540814.436
Gross domestic income (constant LCU),NY.GDY.TOTL.KN,Kyrgyz Republic,KGZ,351838387983.624
Gross domestic income (constant LCU),NY.GDY.TOTL.KN,Lao PDR,LAO,..
Gross domestic income (constant LCU),NY.GDY.TOTL.KN,Latvia,LVA,28820995281.0728
Gross domestic income (constant LCU),NY.GDY.TOTL.KN,Lebanon,LBN,61580048761627.7
Gross domestic income (constant LCU),NY.GDY.TOTL.KN,Lesotho,LSO,23313911376.158
Gross domestic income (constant LCU),NY.GDY.TOTL.KN,Liberia,LBR,..
Gross domestic income (constant LCU),NY.GDY.TOTL.KN,Libya,LBY,97617769334.0503
Gross domestic income (constant LCU),NY.GDY.TOTL.KN,Liechtenstein,LIE,..
Gross domestic income (constant LCU),NY.GDY.TOTL.KN,Lithuania,LTU,43839614379.1418
Gross domestic income (constant LCU),NY.GDY.TOTL.KN,Luxembourg,LUX,57806407632.2055
Gross domestic income (constant LCU),NY.GDY.TOTL.KN,"Macao SAR, China",MAC,451816157153.019
Gross domestic income (constant LCU),NY.GDY.TOTL.KN,Madagascar,MDG,22112746214982.8
Gross domestic income (constant LCU),NY.GDY.TOTL.KN,Malawi,MWI,..
Gross domestic income (constant LCU),NY.GDY.TOTL.KN,Malaysia,MYS,1428200830075.63
Gross domestic income (constant LCU),NY.GDY.TOTL.KN,Maldives,MDV,63444953699.3003
Gross domestic income (constant LCU),NY.GDY.TOTL.KN,Mali,MLI,5705573227625.22
Gross domestic income (constant LCU),NY.GDY.TOTL.KN,Malta,MLT,13415272017.4279
Gross domestic income (constant LCU),NY.GDY.TOTL.KN,Marshall Islands,MHL,226703726.937846
Gross domestic income (constant LCU),NY.GDY.TOTL.KN,Mauritania,MRT,283626938878.943
Gross domestic income (constant LCU),NY.GDY.TOTL.KN,Mauritius,MUS,513215223443.422
Gross domestic income (constant LCU),NY.GDY.TOTL.KN,Mexico,MEX,18430938608372.6
Gross domestic income (constant LCU),NY.GDY.TOTL.KN,"Micronesia, Fed. Sts.",FSM,..
Gross domestic income (constant LCU),NY.GDY.TOTL.KN,Moldova,MDA,169137280314.334
Gross domestic income (constant LCU),NY.GDY.TOTL.KN,Monaco,MCO,..
Gross domestic income (constant LCU),NY.GDY.TOTL.KN,Mongolia,MNG,31409641252356.2
Gross domestic income (constant LCU),NY.GDY.TOTL.KN,Montenegro,MNE,4285286263.64197
Gross domestic income (constant LCU),NY.GDY.TOTL.KN,Morocco,MAR,1206966964667.15
Gross domestic income (constant LCU),NY.GDY.TOTL.KN,Mozambique,MOZ,662142461436.615
Gross domestic income (constant LCU),NY.GDY.TOTL.KN,Myanmar,MMR,87891161346543
Gross domestic income (constant LCU),NY.GDY.TOTL.KN,Namibia,NAM,153666982556.558
Gross domestic income (constant LCU),NY.GDY.TOTL.KN,Nauru,NRU,..
Gross domestic income (constant LCU),NY.GDY.TOTL.KN,Nepal,NPL,2352483854308.56
Gross domestic income (constant LCU),NY.GDY.TOTL.KN,Netherlands,NLD,762505587313.424
Gross domestic income (constant LCU),NY.GDY.TOTL.KN,New Caledonia,NCL,..
Gross domestic income (constant LCU),NY.GDY.TOTL.KN,New Zealand,NZL,296315268266.804
Gross domestic income (constant LCU),NY.GDY.TOTL.KN,Nicaragua,NIC,186763867705.68
Gross domestic income (constant LCU),NY.GDY.TOTL.KN,Niger,NER,7244515590597.02
Gross domestic income (constant LCU),NY.GDY.TOTL.KN,Nigeria,NGA,56131774839690.2
Gross domestic income (constant LCU),NY.GDY.TOTL.KN,North Macedonia,MKD,502794169627.22
Gross domestic income (constant LCU),NY.GDY.TOTL.KN,Northern Mariana Islands,MNP,1038653061.22449
Gross domestic income (constant LCU),NY.GDY.TOTL.KN,Norway,NOR,3252660328809.45
Gross domestic income (constant LCU),NY.GDY.TOTL.KN,Oman,OMN,34216615040.7407
Gross domestic income (constant LCU),NY.GDY.TOTL.KN,Pakistan,PAK,37261108249438.1
Gross domestic income (constant LCU),NY.GDY.TOTL.KN,Palau,PLW,..
Gross domestic income (constant LCU),NY.GDY.TOTL.KN,Panama,PAN,..
Gross domestic income (constant LCU),NY.GDY.TOTL.KN,Papua New Guinea,PNG,..
Gross domestic income (constant LCU),NY.GDY.TOTL.KN,Paraguay,PRY,205816147445035
Gross domestic income (constant LCU),NY.GDY.TOTL.KN,Peru,PER,556893185231.023
Gross domestic income (constant LCU),NY.GDY.TOTL.KN,Philippines,PHL,19219335340770.8
Gross domestic income (constant LCU),NY.GDY.TOTL.KN,Poland,POL,2165204311513.16
Gross domestic income (constant LCU),NY.GDY.TOTL.KN,Portugal,PRT,201415433439.479
Gross domestic income (constant LCU),NY.GDY.TOTL.KN,Puerto Rico,PRI,..
Gross domestic income (constant LCU),NY.GDY.TOTL.KN,Qatar,QAT,643794493500.768
Gross domestic income (constant LCU),NY.GDY.TOTL.KN,Romania,ROU,551448204921.052
Gross domestic income (constant LCU),NY.GDY.TOTL.KN,Russian Federation,RUS,96924172034827.6
Gross domestic income (constant LCU),NY.GDY.TOTL.KN,Rwanda,RWA,9019584381833.04
Gross domestic income (constant LCU),NY.GDY.TOTL.KN,Samoa,WSM,2301491408.2063
Gross domestic income (constant LCU),NY.GDY.TOTL.KN,San Marino,SMR,1229719870.28249
Gross domestic income (constant LCU),NY.GDY.TOTL.KN,Sao Tome and Principe,STP,..
Gross domestic income (constant LCU),NY.GDY.TOTL.KN,Saudi Arabia,SAU,2548366131515.64
Gross domestic income (constant LCU),NY.GDY.TOTL.KN,Senegal,SEN,13508161914553
Gross domestic income (constant LCU),NY.GDY.TOTL.KN,Serbia,SRB,4977497109859.52
Gross domestic income (constant LCU),NY.GDY.TOTL.KN,Seychelles,SYC,22440812144.6196
Gross domestic income (constant LCU),NY.GDY.TOTL.KN,Sierra Leone,SLE,10347481693.1069
Gross domestic income (constant LCU),NY.GDY.TOTL.KN,Singapore,SGP,497673933830.77
Gross domestic income (constant LCU),NY.GDY.TOTL.KN,Sint Maarten (Dutch part),SXM,..
Gross domestic income (constant LCU),NY.GDY.TOTL.KN,Slovak Republic,SVK,88183565017.4199
Gross domestic income (constant LCU),NY.GDY.TOTL.KN,Slovenia,SVN,45686291114.0522
Gross domestic income (constant LCU),NY.GDY.TOTL.KN,Solomon Islands,SLB,11443556308.6891
Gross domestic income (constant LCU),NY.GDY.TOTL.KN,Somalia,SOM,..
Gross domestic income (constant LCU),NY.GDY.TOTL.KN,South Africa,ZAF,4687792373449.36
Gross domestic income (constant LCU),NY.GDY.TOTL.KN,South Sudan,SSD,..
Gross domestic income (constant LCU),NY.GDY.TOTL.KN,Spain,ESP,1189616650486.12
Gross domestic income (constant LCU),NY.GDY.TOTL.KN,Sri Lanka,LKA,13234050858766.1
Gross domestic income (constant LCU),NY.GDY.TOTL.KN,St. Kitts and Nevis,KNA,..
Gross domestic income (constant LCU),NY.GDY.TOTL.KN,St. Lucia,LCA,..
Gross domestic income (constant LCU),NY.GDY.TOTL.KN,St. Martin (French part),MAF,..
Gross domestic income (constant LCU),NY.GDY.TOTL.KN,St. Vincent and the Grenadines,VCT,..
Gross domestic income (constant LCU),NY.GDY.TOTL.KN,Sudan,SDN,21340592736.9582
Gross domestic income (constant LCU),NY.GDY.TOTL.KN,Suriname,SUR,..
Gross domestic income (constant LCU),NY.GDY.TOTL.KN,Sweden,SWE,4605460754099.75
Gross domestic income (constant LCU),NY.GDY.TOTL.KN,Switzerland,CHE,698856321553.168
Gross domestic income (constant LCU),NY.GDY.TOTL.KN,Syrian Arab Republic,SYR,717697667010.308
Gross domestic income (constant LCU),NY.GDY.TOTL.KN,Tajikistan,TJK,4035670373.1466
Gross domestic income (constant LCU),NY.GDY.TOTL.KN,Tanzania,TZA,122529084085567
Gross domestic income (constant LCU),NY.GDY.TOTL.KN,Thailand,THA,11444951723084.5
Gross domestic income (constant LCU),NY.GDY.TOTL.KN,Timor-Leste,TLS,1949850350.96007
Gross domestic income (constant LCU),NY.GDY.TOTL.KN,Togo,TGO,4131704627166.93
Gross domestic income (constant LCU),NY.GDY.TOTL.KN,Tonga,TON,1039848792.70753
Gross domestic income (constant LCU),NY.GDY.TOTL.KN,Trinidad and Tobago,TTO,..
Gross domestic income (constant LCU),NY.GDY.TOTL.KN,Tunisia,TUN,96000358033.027
Gross domestic income (constant LCU),NY.GDY.TOTL.KN,Turkiye,TUR,1719794938626.71
Gross domestic income (constant LCU),NY.GDY.TOTL.KN,Turkmenistan,TKM,..
Gross domestic income (constant LCU),NY.GDY.TOTL.KN,Turks and Caicos Islands,TCA,..
Gross domestic income (constant LCU),NY.GDY.TOTL.KN,Tuvalu,TUV,..
Gross domestic income (constant LCU),NY.GDY.TOTL.KN,Uganda,UGA,121694367067304
Gross domestic income (constant LCU),NY.GDY.TOTL.KN,Ukraine,UKR,2691371296304.69
Gross domestic income (constant LCU),NY.GDY.TOTL.KN,United Arab Emirates,ARE,1450695448680.56
Gross domestic income (constant LCU),NY.GDY.TOTL.KN,United Kingdom,GBR,2072873109130.59
Gross domestic income (constant LCU),NY.GDY.TOTL.KN,United States,USA,20019195815931.3
Gross domestic income (constant LCU),NY.GDY.TOTL.KN,Uruguay,URY,1794318485847.48
Gross domestic income (constant LCU),NY.GDY.TOTL.KN,Uzbekistan,UZB,132150079365938
Gross domestic income (constant LCU),NY.GDY.TOTL.KN,Vanuatu,VUT,70612183617.6956
Gross domestic income (constant LCU),NY.GDY.TOTL.KN,"Venezuela, RB",VEN,..
Gross domestic income (constant LCU),NY.GDY.TOTL.KN,Viet Nam,VNM,5.29911633787378E+15
Gross domestic income (constant LCU),NY.GDY.TOTL.KN,Virgin Islands (U.S.),VIR,3482137656.70202
Gross domestic income (constant LCU),NY.GDY.TOTL.KN,West Bank and Gaza,PSE,15629769603.8945
Gross domestic income (constant LCU),NY.GDY.TOTL.KN,"Yemen, Rep.",YEM,..
Gross domestic income (constant LCU),NY.GDY.TOTL.KN,Zambia,ZMB,..
Gross domestic income (constant LCU),NY.GDY.TOTL.KN,Zimbabwe,ZWE,212174391900
Gross domestic income (constant LCU),NY.GDY.TOTL.KN,Africa Eastern and Southern,AFE,..
Gross domestic income (constant LCU),NY.GDY.TOTL.KN,Africa Western and Central,AFW,..
Gross domestic income (constant LCU),NY.GDY.TOTL.KN,Arab World,ARB,..
Gross domestic income (constant LCU),NY.GDY.TOTL.KN,Caribbean small states,CSS,..
Gross domestic income (constant LCU),NY.GDY.TOTL.KN,Central Europe and the Baltics,CEB,..
Gross domestic income (constant LCU),NY.GDY.TOTL.KN,Early-demographic dividend,EAR,..
Gross domestic income (constant LCU),NY.GDY.TOTL.KN,East Asia & Pacific,EAS,..
Gross domestic income (constant LCU),NY.GDY.TOTL.KN,East Asia & Pacific (excluding high income),EAP,..
Gross domestic income (constant LCU),NY.GDY.TOTL.KN,East Asia & Pacific (IDA & IBRD countries),TEA,..
Gross domestic income (constant LCU),NY.GDY.TOTL.KN,Euro area,EMU,..
Gross domestic income (constant LCU),NY.GDY.TOTL.KN,Europe & Central Asia,ECS,..
Gross domestic income (constant LCU),NY.GDY.TOTL.KN,Europe & Central Asia (excluding high income),ECA,..
Gross domestic income (constant LCU),NY.GDY.TOTL.KN,Europe & Central Asia (IDA & IBRD countries),TEC,..
Gross domestic income (constant LCU),NY.GDY.TOTL.KN,European Union,EUU,..
Gross domestic income (constant LCU),NY.GDY.TOTL.KN,Fragile and conflict affected situations,FCS,..
Gross domestic income (constant LCU),NY.GDY.TOTL.KN,Heavily indebted poor countries (HIPC),HPC,..
Gross domestic income (constant LCU),NY.GDY.TOTL.KN,High income,HIC,..
Gross domestic income (constant LCU),NY.GDY.TOTL.KN,IBRD only,IBD,..
Gross domestic income (constant LCU),NY.GDY.TOTL.KN,IDA & IBRD total,IBT,..
Gross domestic income (constant LCU),NY.GDY.TOTL.KN,IDA blend,IDB,..
Gross domestic income (constant LCU),NY.GDY.TOTL.KN,IDA only,IDX,..
Gross domestic income (constant LCU),NY.GDY.TOTL.KN,IDA total,IDA,..
Gross domestic income (constant LCU),NY.GDY.TOTL.KN,Late-demographic dividend,LTE,..
Gross domestic income (constant LCU),NY.GDY.TOTL.KN,Latin America & Caribbean,LCN,..
Gross domestic income (constant LCU),NY.GDY.TOTL.KN,Latin America & Caribbean (excluding high income),LAC,..
Gross domestic income (constant LCU),NY.GDY.TOTL.KN,Latin America & the Caribbean (IDA & IBRD countries),TLA,..
Gross domestic income (constant LCU),NY.GDY.TOTL.KN,Least developed countries: UN classification,LDC,..
Gross domestic income (constant LCU),NY.GDY.TOTL.KN,Low & middle income,LMY,..
Gross domestic income (constant LCU),NY.GDY.TOTL.KN,Low income,LIC,..
Gross domestic income (constant LCU),NY.GDY.TOTL.KN,Lower middle income,LMC,..
Gross domestic income (constant LCU),NY.GDY.TOTL.KN,Middle East & North Africa,MEA,..
Gross domestic income (constant LCU),NY.GDY.TOTL.KN,Middle East & North Africa (excluding high income),MNA,..
Gross domestic income (constant LCU),NY.GDY.TOTL.KN,Middle East & North Africa (IDA & IBRD countries),TMN,..
Gross domestic income (constant LCU),NY.GDY.TOTL.KN,Middle income,MIC,..
Gross domestic income (constant LCU),NY.GDY.TOTL.KN,North America,NAC,..
Gross domestic income (constant LCU),NY.GDY.TOTL.KN,Not classified,INX,..
Gross domestic income (constant LCU),NY.GDY.TOTL.KN,OECD members,OED,..
Gross domestic income (constant LCU),NY.GDY.TOTL.KN,Other small states,OSS,..
Gross domestic income (constant LCU),NY.GDY.TOTL.KN,Pacific island small states,PSS,..
Gross domestic income (constant LCU),NY.GDY.TOTL.KN,Post-demographic dividend,PST,..
Gross domestic income (constant LCU),NY.GDY.TOTL.KN,Pre-demographic dividend,PRE,..
Gross domestic income (constant LCU),NY.GDY.TOTL.KN,Small states,SST,..
Gross domestic income (constant LCU),NY.GDY.TOTL.KN,South Asia,SAS,..
Gross domestic income (constant LCU),NY.GDY.TOTL.KN,South Asia (IDA & IBRD),TSA,..
Gross domestic income (constant LCU),NY.GDY.TOTL.KN,Sub-Saharan Africa,SSF,..
Gross domestic income (constant LCU),NY.GDY.TOTL.KN,Sub-Saharan Africa (excluding high income),SSA,..
Gross domestic income (constant LCU),NY.GDY.TOTL.KN,Sub-Saharan Africa (IDA & IBRD countries),TSS,..
Gross domestic income (constant LCU),NY.GDY.TOTL.KN,Upper middle income,UMC,..
Gross domestic income (constant LCU),NY.GDY.TOTL.KN,World,WLD,..
,,,,
,,,,
,,,,
Data from database: World Development Indicators,,,,
Last Updated: 10/26/2023,,,,
Code,License Type,Indicator Name,Long definition,Source,Topic,Periodicity,Base Period,Aggregation method,Statistical concept and methodology,Limitations and exceptions,License URL
NY.GDP.MKTP.CD,CC BY-4.0,GDP (current US$),"GDP at purchaser's prices is the sum of gross value added by all resident producers in the economy plus any product taxes and minus any subsidies not included in the value of the products. It is calculated without making deductions for depreciation of fabricated assets or for depletion and degradation of natural resources. Data are in current U.S. dollars. Dollar figures for GDP are converted from domestic currencies using single year official exchange rates. For a few countries where the official exchange rate does not reflect the rate effectively applied to actual foreign exchange transactions, an alternative conversion factor is used.","World Bank national accounts data, and OECD National Accounts data files.",Economic Policy & Debt: National accounts: US$ at current prices: Aggregate indicators,Annual,,Gap-filled total,"Gross domestic product (GDP) represents the sum of value added by all its producers. Value added is the value of the gross output of producers less the value of intermediate goods and services consumed in production, before accounting for consumption of fixed capital in production. The United Nations System of National Accounts calls for value added to be valued at either basic prices (excluding net taxes on products) or producer prices (including net taxes on products paid by producers but excluding sales or value added taxes). Both valuations exclude transport charges that are invoiced separately by producers. Total GDP is measured at purchaser prices. Value added by industry is normally measured at basic prices.","Gross domestic product (GDP), though widely tracked, may not always be the most relevant summary of aggregated economic performance for all economies, especially when production occurs at the expense of consuming capital stock.

While GDP estimates based on the production approach are generally more reliable than estimates compiled from the income or expenditure side, different countries use different definitions, methods, and reporting standards. World Bank staff review the quality of national accounts data and sometimes make adjustments to improve consistency with international guidelines. Nevertheless, significant discrepancies remain between international standards and actual practice. Many statistical offices, especially those in developing countries, face severe limitations in the resources, time, training, and budgets required to produce reliable and comprehensive series of national accounts statistics.

Among the difficulties faced by compilers of national accounts is the extent of unreported economic activity in the informal or secondary economy. In developing countries a large share of agricultural output is either not exchanged (because it is consumed within the household) or not exchanged for money.",https://datacatalog.worldbank.org/public-licenses#cc-by
NY.GDY.TOTL.KN,CC BY-4.0,Gross domestic income (constant LCU),Gross domestic income is derived as the sum of GDP and the terms of trade adjustment. Data are in constant local currency.,"World Bank national accounts data, and OECD National Accounts data files.",Economic Policy & Debt: National accounts: Local currency at constant prices: Other items,Annual,varies by country,,,,https://datacatalog.worldbank.org/public-licenses#cc-by
